<?xml version="1.0" encoding="UTF-8"?>
<metadata xml:lang="en"><Esri><CreaDate>20250415</CreaDate><CreaTime>13280600</CreaTime><ArcGISFormat>1.0</ArcGISFormat><SyncOnce>TRUE</SyncOnce><DataProperties><lineage><Process ToolSource="c:\program files\arcgis\pro\Resources\ArcToolbox\toolboxes\Conversion Tools.tbx\RasterToPoint" Date="20250415" Time="132806">RasterToPoint "1 - N3_wheat_zones.tif" "E:\Anderson_wheat_farms\1 - N3\1 - N3_wheat_zones.shp" Value</Process></lineage></DataProperties></Esri></metadata>
